Comune;Provincia;Nome titolare struttura vendita;Indirizzo;Centro commerciale (SI/NO);Settoremercato non alimentare;Superficie alimentare in mq;Superficie non alimentare in mq;Superficie totale in mq;Latitudine;Longitudine;Identificatore PDV
ARCISATE;VARESE;CAVALCA SPA;Via Machiavelli, 5;NO;ABBIGLIAMENTO E SCARPE;0;2587;2587;45.86097704441812;8.877762981134241;6081
BESOZZO;VARESE;TIGROS SPA;Via L. Da Vinci, 1;NO;;1487;457;1944;45.841438505574054;8.669523407391;2325
BUGUGGIATE;VARESE;TIGROS SPA;Via Verdi 24;SI;;1080;1469;2549;45.79203023308668;8.796171319339024;10896
BUSTO ARSIZIO;VARESE;CENTRO COMMERCIALE TICINO;Via Delle Allodole;SI;;2320;930;3250;45.604265004196535;8.818271591915602;796
BUSTO ARSIZIO;VARESE;CITY GARMENTS;Via Fagnano Olona;NO;ABBIGLIAMENTO E SCARPE;0;8000;8000;45.63004836828403;8.856815845332774;797
BUSTO ARSIZIO;VARESE;LE TORRI/ STORE HOUSE LOMBARDO SRL;Ss 33 Sempione;NO;MOBILI E ACCESSORI CASE ARREDO;0;3300;3300;45.61882094185707;8.869944949011664;807
CARDANO AL CAMPO;VARESE;F.LLI RIGOLIO SNC;Via Garibaldi,4;NO;MOBILI E ACCESSORI CASE ARREDO;0;3320;3320;45.64345271971257;8.771001622365922;6138
CASTELLANZA;VARESE;ESSELUNGA SPA;Viale Borri Angolo Viale Piemonte;SI;;2974;1453;4427;45.60295131496798;8.879007709055694;11785
CASTELLANZA;VARESE;GRANDI MAGAZZINI E SUPERMERCATI IL GIGANTE S.P.A.;Via Diaz 7;NO;;4695;2012;6707;45.60663301755313;8.899489030471598;3666
COCQUIO-TREVISAGO;VARESE;CENTRO COMMERCIALE COCQUIO;C.Da Tagliabo', 4;SI;;1870;6333;8203;45.85991234930963;8.688613331763202;4171
DAVERIO;VARESE;CC IL GIGANTE;Sp Varese-Vergiate;SI;;1476;5694;7170;45.76612040564881;8.768417765880347;396
GALLARATE;VARESE;CONDOMINIO CENTRO COMMERCIALE LAGHI;Via Varese, 22;SI;;1060;2759;3819;45.677222234371804;8.800789207895674;962
GALLARATE;VARESE;CONSORZIO AGRARIO PROVINCIALE;Via Ambrosoli 14;NO;SPORT, TEMPO LIBERO, BRICO, LIBRI, AUTO E RESTANTI;0;3720;3720;45.649846788909166;8.807235180093288;10813
GALLARATE;VARESE;EXTRAMARKET SPA;Via Lario, 37;SI;;3090;2431;5521;45.652130291905756;8.784659884599986;10818
GALLARATE;VARESE;IMMOBILIARE NUOVA VENEGONI SRL;Via Venegoni Angolo Viale Lombardia;SI;;1285;5010;6295;45.6625452484411;8.800644994504292;966
GALLARATE;VARESE;MEDIAMARKET SPA;Viale Milano 99;NO;ELECTRONICS AUDIO, VIDEO E TV;0;3130;3130;45.646596568050825;8.814640565593743;10812
GALLARATE;VARESE;S.S.C. SRL;Viale Milano, 163;SI;;4981;3321;8302;45.64472806030618;8.819519698853425;967
GALLARATE;VARESE;SSC.SRL;Via Lario, 37;NO;ABBIGLIAMENTO E SCARPE;2815;1185;4000;45.652130291905756;8.784659884599986;965
GALLARATE;VARESE;SSC.SRL;Viale Milano 163;NO;ABBIGLIAMENTO E SCARPE;4981;3098;8079;45.64472806030618;8.819519698853425;10811
GAVIRATE;VARESE;ORA INIZIATIVA GAVIRATESE EX IL MATTONE;Viale Ticino   N.82;SI;;1655;8345;10000;45.838662961659466;8.704317439109255;4548
GERENZANO;VARESE;GRANDI MAGAZZINI BOSSI SPA;Via Clerici, 196;NO;;1200;16800;18000;45.62952432201156;9.015851393763526;8416
GERENZANO;VARESE;SANTINO SPA;Via Cervinia ,1;NO;ABBIGLIAMENTO E SCARPE;0;7497;7497;45.634102563299514;9.01558435366577;9484
INDUNO OLONA;VARESE;ESSELUNGA SPA;Via Ronchetti, 20;NO;;2250;1750;4000;45.84645447411563;8.840889155333617;7852
LAVENA PONTE TRESA;VARESE;BENNET SPA;Via Colombo Comp. 39;SI;;2000;1487;3487;45.966020358929335;8.85490316184395;12471
LONATE POZZOLO;VARESE;BENNET SPA;Via Busto Arsizio;SI;;3000;2749;5749;45.594245352273894;8.780583114678178;11152
LUINO;VARESE;NOVACOOP;Via Ghiringhelli, 1;NO;;1920;1000;2920;45.99753838545855;8.747078374656896;5804
OLGIATE OLONA;VARESE;CORTI SRL;Via Della Repubblica, 5;NO;ABBIGLIAMENTO E SCARPE;0;3425;3425;45.62620067399413;8.858839186430053;3691
OLGIATE OLONA;VARESE;ESSELUNGA SPA;Via Fagnano, 10;NO;;2985;1390;4375;45.62896379263759;8.85896536473675;3688
SARONNO;VARESE;ESSELUNGA SPA;Via Novara, 50/52;NO;;2550;1350;3900;45.621146751657164;9.017761279653548;34
SOLBIATE ARNO;VARESE;LEROY MERLIN ITALIA SRL;Via Del Lavoro, 40;NO;SPORT, TEMPO LIBERO, BRICO, LIBRI, AUTO E RESTANTI;0;9840;9840;45.72237766315087;8.81089153238734;2527
SOLBIATE ARNO;VARESE;TIGROS SPA;Via Del Lavoro N. 45;SI;;1950;2050;4000;45.71921760053103;8.810156925132004;11470
SOLBIATE OLONA;VARESE;FACIB DI CORTESI & C SPA;Via Per Fagnano, 11;NO;ABBIGLIAMENTO E SCARPE;0;1800;1800;45.655398638413125;8.868768003329105;4506
SOLBIATE OLONA;VARESE;IPER MONTEBELLO SPA;Via Per Busto Arsizio 11;SI;;5000;6682;11682;45.64102193870055;8.863046749662415;4507
SOMMA LOMBARDO;VARESE;IL GIGANTE S.P.A;Via Soragna, 1;SI;;1960;7533;9493;45.68056002327077;8.723267870584632;12428
UBOLDO;VARESE;IMMOBILIARE REGOSELLA SRL;Cascina Regusella;NO;SPORT, TEMPO LIBERO, BRICO, LIBRI, AUTO E RESTANTI;0;6030;6030;45.592376089754474;8.983444916503862;6731
VARESE;VARESE;CERESIO SRL;Via Gasparotto;NO;MOBILI E ACCESSORI CASE ARREDO;0;4120;4120;45.79248402597017;8.83022536136331;6073
VARESE;VARESE;ESSELUNGA SPA;V. Caracciolo/Campi Lunghi;SI;;2010;2410;4420;45.83541292732958;8.792194748539831;11039
VARESE;VARESE;GRUPPO COIN S.P.A.;P. Monte Grappa/V. Marconi;NO;ABBIGLIAMENTO E SCARPE;30;2833;2863;45.817620241650225;8.826807053687395;6097
VARESE;VARESE;GRUPPO COIN S.P.A.;V.Le Milano, 10;NO;ABBIGLIAMENTO E SCARPE;30;4759;4789;45.81902194094816;8.83292705477615;6095
VARESE;VARESE;GRUPPO COIN S.P.A.;V. V. Veneto 14;NO;ABBIGLIAMENTO E SCARPE;50;3650;3700;45.81702998228874;8.829604249818852;6096
VARESE;VARESE;INIZIATIVE COMMERCIALI LOMBARDE;P.Zza Repubblica,25;SI;;3235;7550;10785;45.81558550042874;8.828151991137139;6093
VARESE;VARESE;IPER MONTEBELLO SPA;V.Le Belforte, 315;SI;;6050;13310;19360;45.80651399879077;8.862872305900629;6094
VARESE;VARESE;UNIEURO S.P.A.;Via Saffi 88;NO;ELECTRONICS AUDIO, VIDEO E TV;0;2600;2600;45.83475548319727;8.796427719741386;6072
VENEGONO INFERIORE;VARESE;ESSELUNGA SPA;Via Kennedy/Ang. Via Chiesa;SI;;2075;2805;4880;45.72966334327928;8.884049545596014;1323
VENEGONO INFERIORE;VARESE;TONAZZO SRL;Via D.Chiesa;NO;MOBILI E ACCESSORI CASE ARREDO;0;10658;10658;45.72940466843278;8.886494968222745;13644
VERGIATE;VARESE;CONFORAMA ITALIA SPA;Via Sempione, 64;NO;MOBILI E ACCESSORI CASE ARREDO;0;5390;5390;45.717531617796915;8.692277015187067;1412
VERGIATE;VARESE;EMMEZETA MODA S.R.L.;Via Sempione, 63;NO;ABBIGLIAMENTO E SCARPE;0;3061;3061;45.71652133259391;8.690796837699205;1414
VERGIATE;VARESE;UTILITY SRL;Via Sempione, 51;NO;MOBILI E ACCESSORI CASE ARREDO;0;1728;1728;45.71371222028746;8.69283258720744;1445
ANZANO DEL PARCO;COMO;BENNET SPA;Ss 342 Briantea;SI;;2350;3382;5732;45.7633047833398;9.20488657195839;10225
ANZANO DEL PARCO;COMO;COITER;Via  Provinciale 4;NO;ABBIGLIAMENTO E SCARPE;0;2300;2300;45.76908096519301;9.194911510946206;3298
AROSIO;COMO;COLOMBO ANTONIO SNC;Via Volta, 60;NO;MOBILI E ACCESSORI CASE ARREDO;0;2100;2100;45.720862701831784;9.204960849101312;6457
CANTU';COMO;BENNET S.P.A;Corso Europa, 23;SI;;3003;10122;13125;45.73515038370033;9.114305865106962;4158
CANTU';COMO;COOP LOMBARDIA;Viale Lombardia, 68;SI;;4227;9823;14050;45.717313486190726;9.156431060523158;4159
CARLAZZO;COMO;BILLA AKTIENGESELLSCHAFT (A.G.).G.;Via Regina 129;NO;SPORT, TEMPO LIBERO, BRICO, LIBRI, AUTO E RESTANTI;1119;480;1599;46.04236642327116;9.15645214903614;5241
CASSINA RIZZARDI;COMO;BENNET S.P.A. GIA' DI.TEX.AL;Via Risorgimento, 48;NO;;2577;1977;4554;45.75253757176397;9.014256170391226;953
CERMENATE;COMO;GALPAS SRL;Via Europa Unita;SI;;900;5023;5923;45.698892816659615;9.098752496138822;1337
COMO;COMO;BENNET S.P.A.;Via Asiago, 2;SI;;3727;5129;8856;45.837238974485366;9.06420984720256;6651
COMO;COMO;BENNET S.P.A.;Via Asiago, 40;SI;;1920;3355;5275;45.837740498489886;9.059015759828876;6654
COMO;COMO;COIN S.P.A.;Via Boldoni, 3;NO;ABBIGLIAMENTO E SCARPE;485;2415;2900;45.81147367952473;9.082149849595329;6653
COMO;COMO;ESSELUNGA S.P.A.;Via Carloni, 92;NO;SPORT, TEMPO LIBERO, BRICO, LIBRI, AUTO E RESTANTI;1950;1150;3100;45.80341251843424;9.09366129513059;6652
ERBA;COMO;BENNET SPA;Viale Prealpi 3;SI;;2919;6547;9466;45.804139807753884;9.222357401046493;1354
ERBA;COMO;LA ROTONDA;Via Trieste;SI;;520;3274;3794;45.80351106532348;9.228151986479023;1355
GERA LARIO;COMO;S.C. EVOLUTION;Via La Rosa N. 354,Piantedo;SI;;0;5000;5000;46.14119115863022;9.415364169731847;11972
GRANDATE;COMO;ARTSANA SPA;Via Tornese;NO;ABBIGLIAMENTO E SCARPE;0;2000;2000;45.76660482692439;9.054824312830025;5522
GRANDATE;COMO;IPER MONTEBELLO SPA;Via Leopardi, 2/A;SI;;4000;5638;9638;45.76908862136687;9.058537755241922;5523
LIMIDO COMASCO;COMO;ORCHIDEA SAS DI BIANCHI A. & C.;Via Marconi 56;NO;MOBILI E ACCESSORI CASE ARREDO;0;1970;1970;45.694768391730115;8.978151272228182;5380
LIPOMO;COMO;ESSELUNGA SPA;Via Provinciale Per Lecco 1;NO;;2580;700;3280;45.79761810984323;9.11551037832144;457
LOMAZZO;COMO;FRAMAR SRL;Via Del Seprio 41;NO;;1300;300;1600;45.699756881350304;9.024556192005372;3
LURATE CACCIVIO;COMO;TAGLIABUE FRATELLI E FIGLI DI TAGLIABUE ENRICO & C.;Via 25 Aprile, 38;NO;MOBILI E ACCESSORI CASE ARREDO;0;3000;3000;45.77025336849561;8.989377762208333;7569
MONTANO LUCINO;COMO;BENNET SPA;Via Cav. Enzo Ratti, 2;SI;;3074;7810;10884;45.78592494325276;9.047400226424925;8895
MONTANO LUCINO;COMO;PEANTE SPA;Localita Gelata;SI;;0;11738;11738;45.78024688545485;9.042675835191885;2677
OLGIATE COMASCO;COMO;BENNET SPA;Via Lomazzo 4;SI;;1619;3361;4980;45.78257186450902;8.956968753831346;6514
OLGIATE COMASCO;COMO;GIEM SPA;Via Segantini, 12;NO;ABBIGLIAMENTO E SCARPE;0;2650;2650;45.78160701424017;8.963984524796794;6515
SOLBIATE;COMO;ESSELUNGA SPA;Via Roma 19;NO;ELECTRONICS AUDIO, VIDEO E TV;2159;1540;3699;45.78634826217686;8.930336009743936;5391
TAVERNERIO;COMO;ESSEBI MERCATO SPA;Via Briantea, 4;NO;;1629;1086;2715;45.79494854225482;9.146036269483858;7585
TURATE;COMO;D'AMBROS S.R.L.;Via Perla Massina,45;SI;;3500;412;3912;45.64652248404951;8.980707703994655;5873
VERTEMATE CON MINOPRIO;COMO;I GIARDINI DI SETTIMO TORINESE;Via Per Bulgorello,2;NO;SPORT, TEMPO LIBERO, BRICO, LIBRI, AUTO E RESTANTI;0;2238;2238;45.7249402710607;9.067318179238132;4045
VERTEMATE CON MINOPRIO;COMO;IL GIGANTE S.P.A.;S.S. Dei Giovi, 9;SI;;4268;500;4768;45.71583933111439;9.076420338718776;12021
VERTEMATE CON MINOPRIO;COMO;LA RINASCENTE SPA;Via S.S. Dei Giovi, 9/B;NO;SPORT, TEMPO LIBERO, BRICO, LIBRI, AUTO E RESTANTI;0;3500;3500;45.71671859183698;9.074208049967618;4049
VERTEMATE CON MINOPRIO;COMO;PIODARREDA DI R.B.;Via Per Bulgorello, 1;SI;;0;2300;2300;45.72453598099184;9.064942439192867;12022
VILLA GUARDIA;COMO;BENNET SPA;Via Varesina/Mte Rosa;NO;;1223;1118;2341;45.77136185210609;9.010109384821721;9436
BIANZONE;SONDRIO;TIRELLI ANTONIO;Via Colombini 25;SI;;1550;660;2210;46.189061758231446;10.121851226520974;13136
CASTIONE ANDEVENNO;SONDRIO;S.C. EVOLUTION;Via Nazionale, 29;SI;;3061;9607;12668;46.16256941006696;9.806778499173154;3692
MORBEGNO;SONDRIO;PEZZINI SPA;Viale Stelvio 300;NO;MOBILI E ACCESSORI CASE ARREDO;0;3627;3627;46.13745792738293;9.594579092351918;8495
PIANTEDO;SONDRIO;S.C. EVOLUTION;Via La Rosa 354;SI;;3296;10746;14042;46.140720003444656;9.41717285846705;3358
PRATA CAMPORTACCIO;SONDRIO;IPERAL SPA;Via Giulio Chiarelli 4-6;SI;;1734;1866;3600;46.31168882932892;9.397382781798814;9879
PRATA CAMPORTACCIO;SONDRIO;SRL EFFETRE;Via Nazionale, 36;NO;MOBILI E ACCESSORI CASE ARREDO;0;2384;2384;46.289172768746575;9.38912758761987;2654
ROGOLO;SONDRIO;S.C.EVOLUTION SRL;Via Andrea Doria N. 2;SI;;3431;2242;5673;46.135686312840804;9.481280285916363;3690
TALAMONA;SONDRIO;SMA SPA;Via Stelvio, 2/B;SI;;1500;2000;3500;46.14280865302531;9.615738246862295;8836
ABBIATEGRASSO;CITTA' METROPOLITANA DI MILANO;ESSELUNGA SPA;Via Dante, 41;NO;;2150;1150;3300;45.39286571715678;8.927025212949511;118
ARESE;CITTA' METROPOLITANA DI MILANO;TEA S.P.A.;Via Ponchielli N. 7 - 20019 Milano;SI;;5800;49200;55000;45.56452881377607;9.054757869648219;13753
ASSAGO;CITTA' METROPOLITANA DI MILANO;CVG MODA SRL;Via Della Fonte Lunga 7 - Ed. D;NO;ABBIGLIAMENTO E SCARPE;0;2000;2000;45.40135448321363;9.148655095357523;12554
ASSAGO;CITTA' METROPOLITANA DI MILANO;GS SPA;Via Milanofiori;SI;;5896;27910;33806;45.40353397626472;9.151646240661789;1778
ASSAGO;CITTA' METROPOLITANA DI MILANO;LEROY MERLIN ITALIA SRL;Via Della Fonte Lunga 9 - Ed. A;NO;SPORT, TEMPO LIBERO, BRICO, LIBRI, AUTO E RESTANTI;0;13000;13000;45.3983060069535;9.147794063547886;1767
ASSAGO;CITTA' METROPOLITANA DI MILANO;MILANOFIORI 2000 SRL;Via Cascina Venina 9 - Ed. E;NO;ABBIGLIAMENTO E SCARPE;0;1800;1800;45.39942742070837;9.150704005159696;1772
ASSAGO;CITTA' METROPOLITANA DI MILANO;MILANOFIORI 2000 SRL;Via Della Fonte Lunga 1 - Ed. C;NO;SPORT, TEMPO LIBERO, BRICO, LIBRI, AUTO E RESTANTI;0;3600;3600;45.40051106137882;9.148274741705983;1774
ASSAGO;CITTA' METROPOLITANA DI MILANO;RIALTO SRL (EX TIDONE SRL);Via Cascina Venina 13 - Ed. H;NO;;2625;875;3500;45.40066906213253;9.149681816083278;1777
ASSAGO;CITTA' METROPOLITANA DI MILANO;TRELLE SRL;Via Cascina Venina 11 - Ed. H;NO;ABBIGLIAMENTO E SCARPE;0;2000;2000;45.39994889535206;9.151192428790457;1779
ASSAGO;CITTA' METROPOLITANA DI MILANO;UNIEURO SPA;Via Della Fonte Lunga 3 - Ed. B;NO;ELECTRONICS AUDIO, VIDEO E TV;0;3650;3650;45.39931876385101;9.147415554524423;1773
BELLINZAGO LOMBARDO;CITTA' METROPOLITANA DI MILANO;ALTABASILIO SRL;Localit? Villa Fornaci Fronte S.S. 11;SI;;4200;23749;27949;45.54649480901058;9.453282062629953;5504
BRESSO;CITTA' METROPOLITANA DI MILANO;BILLA A.G.;V. Veneto 7;NO;SPORT, TEMPO LIBERO, BRICO, LIBRI, AUTO E RESTANTI;687;2489;3176;45.542750550642644;9.189514614551406;4526
BUCCINASCO;CITTA' METROPOLITANA DI MILANO;ESSELUNGA SPA;Viale Degli Alpini;NO;;2310;490;2800;45.43376155528966;9.121045744534545;1546
CAMBIAGO;CITTA' METROPOLITANA DI MILANO;NAVA MAURO;Via Papa Giovanni Paolo Ii;SI;;2600;1400;4000;45.57399864901635;9.415209142861952;13316
CARUGATE;CITTA' METROPOLITANA DI MILANO;EUROCOMMERCIAL PROPERTIES ITALIA S.R.L.;Str. Prov. 208 Km. 2;SI;;7278;22127;29405;45.54592227816259;9.330103609932518;4383
CARUGATE;CITTA' METROPOLITANA DI MILANO;IKEA ITALIA RETAIL S.R.L.;S.P. 121 X S.P. 208;NO;MOBILI E ACCESSORI CASE ARREDO;60;20805;20865;45.54946097352886;9.332143928446756;4384
CARUGATE;CITTA' METROPOLITANA DI MILANO;LEROY MERLIN ITALIA SRL;S.P. 208;NO;SPORT, TEMPO LIBERO, BRICO, LIBRI, AUTO E RESTANTI;0;8000;8000;45.54980132013713;9.328283298976567;12706
CASTANO PRIMO;CITTA' METROPOLITANA DI MILANO;RIALTO SRL;Via Adua Ang. S.P.34;SI;;2900;5970;8870;45.5441122428416;8.780065068926422;234
CESANO BOSCONE;CITTA' METROPOLITANA DI MILANO;FRATELLI PIAZZA SRL;Via Croce, 7;NO;ABBIGLIAMENTO E SCARPE;0;3050;3050;45.4349995938367;9.087678166233975;3461
CESANO BOSCONE;CITTA' METROPOLITANA DI MILANO;IMPRESA COSTRUZIONI NUOVA CESANO;Via B. Croce 2;SI;;3500;11300;14800;45.43138937480322;9.088473364883418;3462
CINISELLO BALSAMO;CITTA' METROPOLITANA DI MILANO;AUCHAN SPA;Via Castaldi 5;SI;;5022;24328;29350;45.55733570050213;9.242271902119022;671
CINISELLO BALSAMO;CITTA' METROPOLITANA DI MILANO;BERTONI CAMPEGGIO SPORT;Viale F. Testi, 140;NO;SPORT, TEMPO LIBERO, BRICO, LIBRI, AUTO E RESTANTI;0;4165;4165;45.54354618796118;9.222904765292384;669
CINISELLO BALSAMO;CITTA' METROPOLITANA DI MILANO;BRICO CENTER ITALIA SRL;V.Le Brianza, 2;NO;SPORT, TEMPO LIBERO, BRICO, LIBRI, AUTO E RESTANTI;0;6180;6180;45.550472352257486;9.239132722417535;178
CINISELLO BALSAMO;CITTA' METROPOLITANA DI MILANO;RIALTO SRL;Via De Amicis, 2;SI;;3474;11136;14610;45.561082952692836;9.228768025381632;194
COLOGNO MONZESE;CITTA' METROPOLITANA DI MILANO;ESSELUNGA SPA;Viale Lombardia Ang.Pergolesi;NO;;1964;1615;3579;45.54150451470577;9.274492543189213;12586
CORBETTA;CITTA' METROPOLITANA DI MILANO;ESSELUNGA SPA;Via Settembrini Ang. Via Nievo;SI;;1898;2474;4372;45.47190672279387;8.90533081198247;1088
CORMANO;CITTA' METROPOLITANA DI MILANO;COOP LOMBARDIA SCRL;Via Gramsci Angolo Statale Dei Giovi;SI;;2000;3060;5060;45.538966143001154;9.160634734303544;400
CORNAREDO;CITTA' METROPOLITANA DI MILANO;GALLERIE COMMERCIALI BENNET S.P.A.;Via Milano 30;SI;;4000;1980;5980;45.4909156391857;9.037196924644183;12427
CORSICO;CITTA' METROPOLITANA DI MILANO;DECATHLON ITALIA SRL;Via Dell'Industria;NO;SPORT, TEMPO LIBERO, BRICO, LIBRI, AUTO E RESTANTI;50;4350;4400;45.43193486107569;9.080589058917774;3226
CORSICO;CITTA' METROPOLITANA DI MILANO;ESSELUNGA SPA;V.Le Delle Industrie, 4/2;SI;;1490;4537;6027;45.43223991979271;9.081468010067113;3227
CORSICO;CITTA' METROPOLITANA DI MILANO;IKEA ITALIA RETAIL SRL  -;Via Marchesi, 4;NO;MOBILI E ACCESSORI CASE ARREDO;30;21445;21475;45.42776681456093;9.079252787928494;3229
CORSICO;CITTA' METROPOLITANA DI MILANO;LEROY MERLIN ITALIA S.R.L.;V.Le  Dell' Industria 4/2;NO;SPORT, TEMPO LIBERO, BRICO, LIBRI, AUTO E RESTANTI;0;7780;7780;45.43159029046254;9.079643660317071;3225
DRESANO;CITTA' METROPOLITANA DI MILANO;MASCHI MATTEO;S.P.159 Sordio-Bettola;NO;MOBILI E ACCESSORI CASE ARREDO;0;4000;4000;45.37659446097597;9.358322285788281;1377
GARBAGNATE MILANESE;CITTA' METROPOLITANA DI MILANO;BRICOCENTER ITALIA SRL;Via I Maggio/Via Xx Settembre;NO;SPORT, TEMPO LIBERO, BRICO, LIBRI, AUTO E RESTANTI;0;3001;3001;45.56211239597277;9.082333595879367;3220
GARBAGNATE MILANESE;CITTA' METROPOLITANA DI MILANO;CERIANI ELETTROFORNITURE SPA;Via Peloritana/Ang. Via P.Ssa Mafalda;SI;;1160;3840;5000;45.5777833319422;9.06470076149676;13130
GARBAGNATE MILANESE;CITTA' METROPOLITANA DI MILANO;ESSELUNGA SPA;Via I? Maggio;SI;;2526;1874;4400;45.56319014586653;9.081300589624407;13389
GARBAGNATE MILANESE;CITTA' METROPOLITANA DI MILANO;PE4 SRL;Via Peloritana;SI;;3600;25800;29400;45.57353697988049;9.06697376147493;11693
GESSATE;CITTA' METROPOLITANA DI MILANO;ESSELUNGA SPA;Via Della Filanda, 3;NO;;2092;523;2615;45.54408209332962;9.440738348302618;6595
GESSATE;CITTA' METROPOLITANA DI MILANO;HOLDING DEI GIOCHI;Via Della Filanda, 3;NO;SPORT, TEMPO LIBERO, BRICO, LIBRI, AUTO E RESTANTI;0;2890;2890;45.544368396168245;9.441650412713212;6596
LEGNANO;CITTA' METROPOLITANA DI MILANO;BENNET SPA;Corso Italia, 25;NO;;1300;1300;2600;45.596209789962636;8.916365017017336;3478
LEGNANO;CITTA' METROPOLITANA DI MILANO;BRICO BUSINESS COOPERATION SRL;Ss Saronnese, 26;NO;SPORT, TEMPO LIBERO, BRICO, LIBRI, AUTO E RESTANTI;0;5700;5700;45.608548910819664;8.921555838072454;3483
LEGNANO;CITTA' METROPOLITANA DI MILANO;ESSELUNGA SPA;Galleria Cantoni 2/4;NO;;2238;2015;4253;45.59881126761149;8.917772948157701;10419
LEGNANO;CITTA' METROPOLITANA DI MILANO;GRAN CASA SPA;Via Jucker, 1/3;NO;MOBILI E ACCESSORI CASE ARREDO;0;9250;9250;45.61090712076721;8.931331940847285;3479
LEGNANO;CITTA' METROPOLITANA DI MILANO;GRAN CASA SPA;Via Jucker, 2;NO;MOBILI E ACCESSORI CASE ARREDO;0;6750;6750;45.61112885069096;8.934036146270632;3480
LEGNANO;CITTA' METROPOLITANA DI MILANO;IPER MONTEBELLO SPA;Area Sabotino-Podgora-Liguria E Parma;NO;;5800;8500;14300;45.58201527944044;8.906282393707121;10177
LISCATE;CITTA' METROPOLITANA DI MILANO;MAXIDI;Strada Rivoltana;NO;;1600;2700;4300;45.483254201911514;9.411256047030955;4794
LOCATE DI TRIULZI;CITTA' METROPOLITANA DI MILANO;LOCATE DISTRICT SRL;Via Milano;SI;;200;35000;35200;45.35865091988259;9.21518606091701;13757
MAGENTA;CITTA' METROPOLITANA DI MILANO;B.B.C. BRICO BUSINESS COOPERATION SRL;Via Mainaga 31;NO;SPORT, TEMPO LIBERO, BRICO, LIBRI, AUTO E RESTANTI;0;6500;6500;45.46081225294756;8.870026065338395;13194
MAGENTA;CITTA' METROPOLITANA DI MILANO;IPER MAGENTA SPA;Via Leopardi;NO;;1900;4600;6500;45.46107195059293;8.869956580645608;6069
MAGENTA;CITTA' METROPOLITANA DI MILANO;KIRSCHE SPA;Via Piave;SI;;0;7400;7400;45.47124171708172;8.878420967885637;6070
MELZO;CITTA' METROPOLITANA DI MILANO;G.C.A. GENERALMARKET SRL;Via Norvegia 1;SI;;2968;4882;7850;45.5084101337032;9.412228215501884;1351
MESERO;CITTA' METROPOLITANA DI MILANO;KIRSCHE S.P.A.;Via Piemonte N. 1;SI;;350;1450;1800;45.497674932276674;8.858643467077458;27
MILANO;CITTA' METROPOLITANA DI MILANO;ACHILLI DOMENICO;Via G.B. Cassinis, 23;NO;SPORT, TEMPO LIBERO, BRICO, LIBRI, AUTO E RESTANTI;0;3163;3163;45.43656090042894;9.232363594342154;8197
MILANO;CITTA' METROPOLITANA DI MILANO;ARNAUDO LUIGI;Via Don L. Palazzolo, 20;NO;;4000;1403;5403;45.48843293819916;9.146383284959803;10196
MILANO;CITTA' METROPOLITANA DI MILANO;BALDAN ALBERTO;Via Santa Radegonda, 3;NO;ABBIGLIAMENTO E SCARPE;702;21338;22040;45.464840391907806;9.191833878984138;8200
MILANO;CITTA' METROPOLITANA DI MILANO;BIFFI STEFANO TOMASO MARIA;V.Le Certosa 29;NO;;30;6320;6350;45.489445879556555;9.151480954990427;8199
MILANO;CITTA' METROPOLITANA DI MILANO;BONOLA;Via G. Quarenghi, 23;SI;;4840;6305;11145;45.49684684142826;9.113053216629487;9043
MILANO;CITTA' METROPOLITANA DI MILANO;BORGHI ARMANDO ANTONIO CARO;Largo Domodossola, 1a;SI;;1036;13932;14968;45.479979713504314;9.159656593161465;14313
MILANO;CITTA' METROPOLITANA DI MILANO;CAPROTTI GIUSEPPE;Via C.Isotta, 7;NO;;2900;0;2900;45.42066093967437;9.177693225167227;8192
MILANO;CITTA' METROPOLITANA DI MILANO;COLAS DES FRANCS OLIVIER PIERRE;Via Della Palla, 2;NO;;1142;3578;4720;45.46132723988704;9.185957530360353;8212
MILANO;CITTA' METROPOLITANA DI MILANO;COOP LOMBARDIA (1);Viale Umbria Ang. P. Coletta- P.Le Lodi 3;SI;;3896;4150;8046;45.44814416452102;9.212032363032476;8182
MILANO;CITTA' METROPOLITANA DI MILANO;COOP LOMBARDIA COOP A.R.L;Via Gozzoli Benozzo, 130;SI;;2700;3300;6000;45.45545382961429;9.090866247328881;11392
MILANO;CITTA' METROPOLITANA DI MILANO;DE GENNIS PAOLO;Via Adriano Pii Area Marelli Cascina S. Giuseppe;NO;;1512;2901;4413;45.515257886326744;9.242877688726818;10876
MILANO;CITTA' METROPOLITANA DI MILANO;DE GENNIS PAOLO;Via R. Pitteri, 84;NO;;2400;1400;3800;45.47802833879391;9.247059995401553;8972
MILANO;CITTA' METROPOLITANA DI MILANO;ESSELUNGA SPA;Via De Angeli Carlo N. 1;SI;;2858;2042;4900;45.4429225110084;9.197057573829516;8196
MILANO;CITTA' METROPOLITANA DI MILANO;ESSELUNGA SPA;Via Lorenteggio, 219;SI;;2700;1800;4500;45.4449499714588;9.123765503718841;10873
MILANO;CITTA' METROPOLITANA DI MILANO;ESSELUNGA SPA;Via Padova Angolo Via Olgettina;SI;;2500;4500;7000;45.51157970870782;9.265744460735284;9886
MILANO;CITTA' METROPOLITANA DI MILANO;ESSELUNGA SPA;Via Palizzi 69 Pru N. 6.2;SI;;3367;2593;5960;45.50680730738194;9.138337133414492;8193
MILANO;CITTA' METROPOLITANA DI MILANO;GIOVANNI VILLA SRL;Viale Ornato;SI;;2500;1780;4280;45.52715553952906;9.191698681197966;10226
MILANO;CITTA' METROPOLITANA DI MILANO;KANNES EUGENIO;Via Daimler;SI;;5000;28000;33000;45.51400194158852;9.099245100256068;12879
MILANO;CITTA' METROPOLITANA DI MILANO;KLINGAN GOTTHART;Via A. Trivulzio, 12;NO;;2240;960;3200;45.46599025855795;9.145568591582899;8211
MILANO;CITTA' METROPOLITANA DI MILANO;LEVI BROGLIO FRANCO;Via Soresina, 14;NO;SPORT, TEMPO LIBERO, BRICO, LIBRI, AUTO E RESTANTI;0;3000;3000;45.464776248393015;9.161749413011735;9048
MILANO;CITTA' METROPOLITANA DI MILANO;MONFERRINI GUIDO;Foro Buonaparte, 74;NO;ABBIGLIAMENTO E SCARPE;300;2550;2850;45.46880146176329;9.182355506651925;8971
MILANO;CITTA' METROPOLITANA DI MILANO;PALLONI ANTONIO;P. Frattini, 4;NO;;1800;1210;3010;45.452560120424465;9.142805664143632;8215
MILANO;CITTA' METROPOLITANA DI MILANO;PALLONI ANTONIO;Viale Monza, 267;NO;;1600;1200;2800;45.51208491154517;9.224082404444653;8208
MILANO;CITTA' METROPOLITANA DI MILANO;PALLONI ANTONIO;Via Novara, 15;NO;;1848;2161;4009;45.46824512645535;9.127802404668335;8209
MILANO;CITTA' METROPOLITANA DI MILANO;PERIN NICOLA;Corso Vercelli, 30;NO;ABBIGLIAMENTO E SCARPE;50;3450;3500;45.466658030132436;9.160554992668166;8204
MILANO;CITTA' METROPOLITANA DI MILANO;PERIN NICOLA;C.So Buenos Aires, 21;NO;;1000;2030;3030;45.47820887567132;9.20846225847953;8969
MILANO;CITTA' METROPOLITANA DI MILANO;PERIN NICOLA;C.So Buenos Aires, 35;NO;ABBIGLIAMENTO E SCARPE;50;3050;3100;45.479673238702816;9.210015776289369;8974
MILANO;CITTA' METROPOLITANA DI MILANO;PERIN NICOLA;C.So S. Gottardo, 29/31;NO;;950;2520;3470;45.44919903962332;9.180184462491779;8207
MILANO;CITTA' METROPOLITANA DI MILANO;PERIN NICOLA;Piazza 5 Giornate, 1a;NO;ABBIGLIAMENTO E SCARPE;450;6088;6538;45.4625374090678;9.206346092904182;8205
MILANO;CITTA' METROPOLITANA DI MILANO;PERIN NICOLA;Piazzale A. Cantore, 12;NO;ABBIGLIAMENTO E SCARPE;50;3420;3470;45.45568950632501;9.172506308193233;8206
MILANO;CITTA' METROPOLITANA DI MILANO;PERIN NICOLA;V. Farini, 79/81;NO;ABBIGLIAMENTO E SCARPE;30;3613;3643;45.49542269624092;9.185052119066679;8201
MILANO;CITTA' METROPOLITANA DI MILANO;PERIN NICOLA;Via Cuneo, 2;NO;ABBIGLIAMENTO E SCARPE;30;2555;2585;45.46705441872058;9.154122333891511;8202
MILANO;CITTA' METROPOLITANA DI MILANO;PERIN NICOLA;V. Polesine, 39;NO;;30;2607;2637;45.43988990978542;9.222595323067658;8970
MILANO;CITTA' METROPOLITANA DI MILANO;PRASCHL MARKUS;Via Missaglia, 22;NO;;2249;964;3213;45.42729301766868;9.176813374725342;8214
NERVIANO;CITTA' METROPOLITANA DI MILANO;AUCHAN SPA;Ss 33 Sempione;SI;;2600;6700;9300;45.552981290950534;8.987110429630787;9391
NERVIANO;CITTA' METROPOLITANA DI MILANO;DELLAVEDOVA ARREDAMENTI SPA;Via Milano 50;NO;MOBILI E ACCESSORI CASE ARREDO;0;2975;2975;45.552756125497346;8.984209328507792;6688
NERVIANO;CITTA' METROPOLITANA DI MILANO;GRANCASA S.P.A.;Via Canova, 6;NO;SPORT, TEMPO LIBERO, BRICO, LIBRI, AUTO E RESTANTI;0;8900;8900;45.55477479800163;8.980681172722278;14165
NOVATE MILANESE;CITTA' METROPOLITANA DI MILANO;BNP PARIBAS REIM SGR P.A. KLEPIERRE;Via Amoretti 1;SI;;3361;15989;19350;45.51965841146093;9.149692418164749;3248
NOVIGLIO;CITTA' METROPOLITANA DI MILANO;BAZAR DELL'ABBIGLIAMENTO S.P.A.;Via Delle Industrie 4;NO;ABBIGLIAMENTO E SCARPE;0;2005;2005;45.340539207418196;9.092216170195414;5986
NOVIGLIO;CITTA' METROPOLITANA DI MILANO;KARTELL SPA;Via Delle Industrie 7;NO;SPORT, TEMPO LIBERO, BRICO, LIBRI, AUTO E RESTANTI;0;1800;1800;45.340539207418196;9.092216170195414;5958
OPERA;CITTA' METROPOLITANA DI MILANO;COOP LOMBARDIA SCAR E VARIE;Localit? Crocione;SI;;1358;3590;4948;45.37052350076931;9.211992635975424;3755
OZZERO;CITTA' METROPOLITANA DI MILANO;MOSCATELLI;Loc. Mirabella - Ss Vigevanese;SI;;1724;2639;4363;45.36909659382876;8.909364443347458;6004
OZZERO;CITTA' METROPOLITANA DI MILANO;PIZZI MARCO;Loc. Soria Vecchia;NO;ABBIGLIAMENTO E SCARPE;0;2600;2600;45.357614174321974;8.91133991617862;6005
PADERNO DUGNANO;CITTA' METROPOLITANA DI MILANO;G.M.P. SPA;Via Amendola 45/47;SI;;0;7171;7171;45.57452434590021;9.179016431686048;10087
PADERNO DUGNANO;CITTA' METROPOLITANA DI MILANO;G.S. SPA;S.S.  N.  35 Dei Giovi -;SI;;3588;17194;20782;45.57432206062188;9.180660809729874;2399
PANTIGLIATE;CITTA' METROPOLITANA DI MILANO;DUEPI;S.S. 415 Nuova Paullese;NO;MOBILI E ACCESSORI CASE ARREDO;0;5302;5302;45.42934854466764;9.363840959895223;5364
PANTIGLIATE;CITTA' METROPOLITANA DI MILANO;ESSELUNGA SPA;Strada Vecchia Paullese, 15;NO;SPORT, TEMPO LIBERO, BRICO, LIBRI, AUTO E RESTANTI;2300;2200;4500;45.42865310042095;9.369679901437298;5365
PANTIGLIATE;CITTA' METROPOLITANA DI MILANO;LEROY MERLIN ITALIA SRL;Strada Vecchia Paullese 11;NO;SPORT, TEMPO LIBERO, BRICO, LIBRI, AUTO E RESTANTI;0;8150;8150;45.42829167126815;9.371655429494373;10606
PAULLO;CITTA' METROPOLITANA DI MILANO;PAULLO INVESTIMENTO SRL;Via Santa Maria Mazzarello;SI;;50;6950;7000;45.42290160797746;9.40865005769658;13322
PAULLO;CITTA' METROPOLITANA DI MILANO;SOC. PAULLO CENTER SRL;Via Mazzarello;SI;;4140;7860;12000;45.42290160797746;9.40865005769658;10318
PERO;CITTA' METROPOLITANA DI MILANO;GRANCASA S.P.A.;Via Monti, 2;NO;MOBILI E ACCESSORI CASE ARREDO;0;6000;6000;45.507805342097924;9.098009582848073;2678
PESCHIERA BORROMEO;CITTA' METROPOLITANA DI MILANO;IMMOBILIARE AMETISTA SRL EX COM.EST  SRL;Ss Paullese - Via Liberazionr 8;SI;;4000;13999;17999;45.42342471580589;9.29364201598403;10228
PIEVE EMANUELE;CITTA' METROPOLITANA DI MILANO;ASSET SRL;Quartiere Erp Ex Incis;SI;;1700;9300;11000;45.34243406453125;9.190832582244193;10894
PIOLTELLO;CITTA' METROPOLITANA DI MILANO;ESSELUNGA SPA;Via S. Francesco, 30;SI;;2940;1965;4905;45.50295590626897;9.322060350342545;5500
POGLIANO MILANESE;CITTA' METROPOLITANA DI MILANO;STATALE 33 S.R.L.;Area In Fregio Alla Ss33 Del Sempione E Sp229;SI;;0;9300;9300;45.542214295580116;9.011621591292304;12880
RESCALDINA;CITTA' METROPOLITANA DI MILANO;AUCHAN SPA;Via Togliatti, 4;SI;;6785;16415;23200;45.6094422380885;8.963237037109142;6300
RHO;CITTA' METROPOLITANA DI MILANO;ESSELUNGA SPA;Corso Europa Angolo Via Di Giacomo;NO;;2790;1410;4200;45.53883055354015;9.016739329410106;2414
RHO;CITTA' METROPOLITANA DI MILANO;RHOCENTER;Via Capuana Ang Corso Europa;SI;;0;9438;9438;45.536921881971566;9.019267871977222;2415
ROZZANO;CITTA' METROPOLITANA DI MILANO;FIORDALISO SPA;Corso S. Pertini 10/14;SI;;212;11736;11948;45.39003243687956;9.177535537209492;12599
ROZZANO;CITTA' METROPOLITANA DI MILANO;FIORDALISO SPA;Via Curiel N. 25;SI;;4500;29485;33985;45.39278722799034;9.176190229346046;4441
ROZZANO;CITTA' METROPOLITANA DI MILANO;LEROY MERLIN;C.So Sandro Pertini, 8;NO;SPORT, TEMPO LIBERO, BRICO, LIBRI, AUTO E RESTANTI;50;8800;8850;45.38926941864958;9.174388824770444;11247
SAN DONATO MILANESE;CITTA' METROPOLITANA DI MILANO;ESSELUNGA SPA;Via Dell'Unione Europea;NO;;1600;1700;3300;45.41548239963869;9.259668294929673;10229
SAN GIULIANO MILANESE;CITTA' METROPOLITANA DI MILANO;AEDIFICAT SYNERGY SRL;Via Emilia Ang. Via Tolstoj;SI;;2390;12350;14740;45.38091742172817;9.30228415852659;11973
SAN GIULIANO MILANESE;CITTA' METROPOLITANA DI MILANO;CARREFOUR;S.S. Emilia;SI;;4066;4203;8269;45.37785496422436;9.307001763142601;8812
SAN GIULIANO MILANESE;CITTA' METROPOLITANA DI MILANO;G.M.S. SRL FIN GRANCASA;Via Tolstoy 85;SI;;0;14445;14445;45.37962657094603;9.305958039104516;8813
SAN GIULIANO MILANESE;CITTA' METROPOLITANA DI MILANO;IKEA ITALIA RETAIL S.R.L.;Via Po 1/3/5;NO;;250;21750;22000;45.38981120748167;9.259963564697971;12881
SAN GIULIANO MILANESE;CITTA' METROPOLITANA DI MILANO;IPEA SRL;Via Della Pace;SI;;0;14749;14749;45.37799982088866;9.307156425921;7210
SAN GIULIANO MILANESE;CITTA' METROPOLITANA DI MILANO;SANI 2000 SRL;Via Po Snc;NO;SPORT, TEMPO LIBERO, BRICO, LIBRI, AUTO E RESTANTI;0;5500;5500;45.391545306647345;9.25943984443336;13379
SAN VITTORE OLONA;CITTA' METROPOLITANA DI MILANO;COIN EX RINASCENTE;S.S. Sempione, 9/11;NO;;1432;2870;4302;45.59168746662187;8.9370721466727;469
SEDRIANO;CITTA' METROPOLITANA DI MILANO;BENNET SPA;P.Zza Gandhi N. 6;SI;;2650;12300;14950;45.48380484303062;8.977200519015293;10230
SEGRATE;CITTA' METROPOLITANA DI MILANO;ESSELUNGA S.P.A.;Via Olgia Ang. Via Cassanese Loc. Cascina Degli Ovi;NO;;1200;1790;2990;45.4918682413533;9.269825959514748;2339
SEGRATE;CITTA' METROPOLITANA DI MILANO;I.B.P. S.R.L.;Area Ex Dogana Segrate;SI;;15000;115000;130000;45.46334817310172;9.27363868554281;11529
SENAGO;CITTA' METROPOLITANA DI MILANO;GIAMARI SRL;Via De Gasperi, 70;SI;;1500;3500;5000;45.55908165112914;9.114766897448497;11975
SESTO SAN GIOVANNI;CITTA' METROPOLITANA DI MILANO;COOP LOMBARDIA/IMMOBILIARE LARICE SRL;Viale Sarca/Via Milanese;SI;;4850;12650;17500;45.52830355697806;9.217679265874757;4008
SESTO SAN GIOVANNI;CITTA' METROPOLITANA DI MILANO;ESSELUNGA SPA;Via Rovani;NO;SPORT, TEMPO LIBERO, BRICO, LIBRI, AUTO E RESTANTI;1550;3400;4950;45.536799518527275;9.230611302796081;4009
SESTO SAN GIOVANNI;CITTA' METROPOLITANA DI MILANO;MALENCO S.R.L.;Area Ex Vulcano;SI;;4200;22300;26500;45.53796722392356;9.251595512053832;4010
SESTO SAN GIOVANNI;CITTA' METROPOLITANA DI MILANO;SESTO IMMOBILIARE SPA;Viale Marelli;SI;;5000;68500;73500;45.5397266449182;9.242339489418832;13317
SETTALA;CITTA' METROPOLITANA DI MILANO;FERCOLOR ITALIA SNC;Via D.Minzoni 3;NO;SPORT, TEMPO LIBERO, BRICO, LIBRI, AUTO E RESTANTI;0;1870;1870;45.4256118648541;9.392692818403068;4519
SETTIMO MILANESE;CITTA' METROPOLITANA DI MILANO;COOP LOMBARDIA SCARL;Via Reiss Romoli Ang.Via Di Vittorio;SI;;1735;3005;4740;45.47909845063564;9.062764109132694;4429
SETTIMO MILANESE;CITTA' METROPOLITANA DI MILANO;OL.MAR SPA;Via Gramsci, 115;SI;;3500;4850;8350;45.489464492510635;9.06430291703574;4430
SOLARO;CITTA' METROPOLITANA DI MILANO;ESSELUNGA SPA;Via Varese 57;NO;;1500;2000;3500;45.61676658170036;9.07320395201228;4527
TREZZANO SUL NAVIGLIO;CITTA' METROPOLITANA DI MILANO;BIG SHOPPING SRL EX UNIEURO;Via C.Colombo;NO;ABBIGLIAMENTO E SCARPE;0;5716;5716;45.42340348535904;9.066124069016345;13632
TREZZANO SUL NAVIGLIO;CITTA' METROPOLITANA DI MILANO;IMMOBILIARE COMMERCIALE ITALIANA;Via Copernico,9;NO;ABBIGLIAMENTO E SCARPE;0;6740;6740;45.41905608234718;9.083383058582926;13814
TREZZANO SUL NAVIGLIO;CITTA' METROPOLITANA DI MILANO;MARILAN SRL;V. Curiel, 38;NO;;2000;800;2800;45.422870427269075;9.064779442747211;6683
VAPRIO D'ADDA;CITTA' METROPOLITANA DI MILANO;BENNET SPA;Via Milano;SI;;3000;1000;4000;45.57161030065878;9.518714469936246;13319
VIGNATE;CITTA' METROPOLITANA DI MILANO;COOP LOMBARDIA;S.P. Cassanese;SI;;5600;19400;25000;45.50299681526471;9.370562225884516;4353
VIMODRONE;CITTA' METROPOLITANA DI MILANO;GALLERIE COMMERCIALI ITALIA SPA  E AUCHAN SPA;Ss 11 Padana Superiore Km 292;SI;;5050;10066;15116;45.510831025435344;9.302367693485785;975
VITTUONE;CITTA' METROPOLITANA DI MILANO;IPER MONTEBELLO S.P.A;Via S.P. 227 Dir (Vittuone/Cisliano) N. 2;SI;;4032;10868;14900;45.48137070219678;8.95846333148979;9881
VANZAGHELLO;CITTA' METROPOLITANA DI MILANO;BENNET;Corso Italia  27;SI;;3500;4500;8000;45.5993088873395;8.7967744180748;11882
VANZAGHELLO;CITTA' METROPOLITANA DI MILANO;SUPER CENTRO CALZATURE;Corso Italia 20;NO;ABBIGLIAMENTO E SCARPE;0;2360;2360;45.597079728001376;8.793594642233513;3189
BARANZATE;CITTA' METROPOLITANA DI MILANO;DECATHLON ITALIA SRL;Via Milano;NO;SPORT, TEMPO LIBERO, BRICO, LIBRI, AUTO E RESTANTI;0;3295;3295;45.53165184099686;9.105771814606628;9888
BARANZATE;CITTA' METROPOLITANA DI MILANO;ESSELUNGA SPA;Via Milano;NO;;2040;1360;3400;45.5307622896654;9.105685315769474;9889
BARANZATE;CITTA' METROPOLITANA DI MILANO;LEROY MERLIN UNO SPA;Via Milano;NO;SPORT, TEMPO LIBERO, BRICO, LIBRI, AUTO E RESTANTI;0;9000;9000;45.532655823482344;9.105906250170337;11682
ALBANO SANT'ALESSANDRO;BERGAMO;AWG OUTLETS BERGAMO S.R.L.;Via Tonale, 101;SI;;2658;13342;16000;45.6843392737691;9.787244465059143;5327
ALMENNO SAN SALVATORE;BERGAMO;MIGROSS SPA;Via Pitentino, 45;SI;;566;1254;1820;45.751090418921514;9.595936600168178;1921
ALZANO LOMBARDO;BERGAMO;LEONARDO SPA;Via Pesenti;SI;;2000;8250;10250;45.73183615445906;9.733474213528218;13320
AMBIVERE;BERGAMO;DOSS SPA;Via Mazzini;SI;;700;5800;6500;45.71875944169523;9.555380466246945;11467
ANTEGNATE;BERGAMO;INIZIATIVA 13 SRL;Ss 11;SI;;9000;14000;23000;45.482687056202174;9.782460709231193;9485
AZZANO SAN PAOLO;BERGAMO;FINSER S.P.A.;C.So Cavour;SI;;5000;44000;49000;45.662274732791396;9.69492090501319;12426
BERGAMO;BERGAMO;ESSELUNGA SPA;Via Corridoni;NO;;2302;1349;3651;45.70756833243287;9.689766269781806;4501
BERGAMO;BERGAMO;GRUPPO COIN S.P.A.;Via Tiraboschi 53;NO;ABBIGLIAMENTO E SCARPE;1147;2803;3950;45.69323000597307;9.669042933935327;13349
BERGAMO;BERGAMO;GRUPPO COIN S.P.A.;V. Zambonate, 11;NO;ABBIGLIAMENTO E SCARPE;50;4400;4450;45.69250853492535;9.66678891610491;14034
BERGAMO;BERGAMO;S.P.A. AUCHAN;V. Carducci, 55;SI;;5000;6651;11651;45.687711895017344;9.648637038429898;4502
BOTTANUCO;BERGAMO;IL GIGATE S.P.A.;V.Le Papa Giovanni, 43;SI;;3500;11200;14700;45.64231874307591;9.51166421878445;12876
BREMBATE;BERGAMO;IPER MONTEBELLO SPA;Via V. Veneto,68-S.P. 184;SI;;4350;5124;9474;45.6070972003599;9.54554512530094;6772
BRUSAPORTO;BERGAMO;BARCELLA ARREDAMENTI SAS;Via Bagnatica, 13;NO;MOBILI E ACCESSORI CASE ARREDO;0;2350;2350;45.66860502391162;9.76765671336987;870
CAPRIATE SAN GERVASIO;BERGAMO;THORUS LEOLANDIA SPA;Via V. Veneto;SI;;1000;4000;5000;45.60705378397724;9.540481476165763;13321
CARAVAGGIO;BERGAMO;PADANA SUPERIORE S.P.A;Via Treviglio Snc;SI;;610;2406;3016;45.50339174487237;9.625662053708016;4014
CASTELLI CALEPIO;BERGAMO;MIGROSS SPA;V. Dei Mille, 109;NO;;1171;781;1952;45.638676252904034;9.894042501674305;4180
CISANO BERGAMASCO;BERGAMO;RUGIADA;Via Milano 7;SI;;1500;3500;5000;45.740880974328796;9.45727732381552;2198
CISERANO;BERGAMO;TECNOCOVERING SRL;Corso Europa;SI;;1700;650;2350;45.59262750060756;9.606532226902573;11974
CORTENOVA;BERGAMO;PEDRONIIMOBILI SRL;Via Trieste Fraz. S. Maria Del Sasso;SI;;5835;23241;29076;45.52757122053238;9.820028739966014;3291
CURNO;BERGAMO;CISALFA SPORT SPA;Via Lega Lombarda 1;NO;ABBIGLIAMENTO E SCARPE;0;2288;2288;45.684444355112305;9.611986830216463;2469
CURNO;BERGAMO;ESSELUNGA SPA;Via Bergamo, 48;SI;;1907;2169;4076;45.69193960549569;9.615602149830385;10472
CURNO;BERGAMO;EUROCOMMERCIAL PROPERTIES ITALIA SRL;Via E. Fermi, 1;SI;;5313;18657;23970;45.682845653187165;9.610680961712097;8734
CURNO;BERGAMO;LEROY MERLIN ITALIA SRL;Via Rota, 60;NO;SPORT, TEMPO LIBERO, BRICO, LIBRI, AUTO E RESTANTI;0;10099;10099;45.680675393119145;9.60506644235691;2501
CURNO;BERGAMO;MEGASTORE DEL IDEA SRL;Via Bergamo 23/A;NO;MOBILI E ACCESSORI CASE ARREDO;0;1962;1962;45.69073001164018;9.624136648018702;14314
CURNO;BERGAMO;SELFITALIA SRL;Via Bergamo, 36;NO;SPORT, TEMPO LIBERO, BRICO, LIBRI, AUTO E RESTANTI;0;4788;4788;45.69103144793846;9.620694054654168;2466
GORLE;BERGAMO;ITALFRUTTA S.P.A.;V. Roma, 8;NO;;2170;1090;3260;45.691834176059395;9.714894060061662;17
GRUMELLO DEL MONTE;BERGAMO;ZERBIMARK SPA;V. Roma, 94;NO;;1219;880;2099;45.63734578645445;9.878027050520593;968
MAPELLO;BERGAMO;VIRGILIO SPA;Via Strada Regia 4;SI;;4500;10490;14990;45.712919952151225;9.563039459100331;9880
MOZZO;BERGAMO;GRAN MERCATO DEI COLLI;Via Dell'Industria, 2;SI;;2504;2080;4584;45.70737933743042;9.605443576019345;6202
NEMBRO;BERGAMO;ESSELUNGA SPA;Via Cascina Colombaia N? 3;SI;;1960;2315;4275;45.73587333577454;9.74789829282526;12281
ORIO AL SERIO;BERGAMO;FINSER S.P.A.;Via Portico 71;SI;;13688;35616;49304;45.664222318787495;9.69492681205113;984
PALADINA;BERGAMO;L'ARTIGIANA DEL MOBILE SRL;Via Roma, 43;NO;MOBILI E ACCESSORI CASE ARREDO;0;2300;2300;45.73347115629595;9.609619788468532;1815
ROGNO;BERGAMO;ARREDAMENTI SRL;Via M. Grappa, 1;NO;MOBILI E ACCESSORI CASE ARREDO;0;2596;2596;45.86259741140535;10.14682998433195;1934
ROGNO;BERGAMO;LA VALLE CENTRO COMMERCIALE SRL;Via Veneto, 20;SI;;1318;4496;5814;45.8624397399853;10.143129799987575;1915
ROMANO DI LOMBARDIA;BERGAMO;ZERBIMARK SPA- BENNET SPA;Strada Statale Soncinese 498, Vi 18;SI;;4000;17950;21950;45.53270307112609;9.758649851936887;770
SAN PELLEGRINO TERME;BERGAMO;SVILUPPO SAN PELLEGRINO SRL;Via F.Lli Calvi;SI;;2500;4530;7030;45.842290416632835;9.665883834250858;10886
SARNICO;BERGAMO;ITALMARK  S.P.A.;V. Predore, 27;NO;;1000;670;1670;45.67552262108761;9.97724829347227;6395
SERIATE;BERGAMO;IPER MONTEBELLO SPA;Via Brusaporto, 41;SI;;6520;11702;18222;45.679458070230226;9.745001912139385;3647
SERIATE;BERGAMO;LEROY MERLIN ITALIA SRL;Via Cassinone, Snc;NO;SPORT, TEMPO LIBERO, BRICO, LIBRI, AUTO E RESTANTI;0;10000;10000;45.6579203310639;9.739724298185369;3646
STEZZANO;BERGAMO;ALTACERRO S.R.L.;Via Guzzanica, 62,64;SI;;3058;18028;21086;45.649250725829354;9.632207997234847;10221
STEZZANO;BERGAMO;SEMERARO CASA & FAMIGLIA SPA;Via Boito, 4;NO;MOBILI E ACCESSORI CASE ARREDO;0;8937;8937;45.653762836035284;9.635711417248338;2324
TREVIGLIO;BERGAMO;SOCRATE RETAIL S.R.L.;Via Montegrappa, 31;SI;;2991;4590;7581;45.52041579650021;9.5819207124745;949
URGNANO;BERGAMO;CENTRO COMMERCIALE RAMONDA SPA;Via Provinciale, 1263;NO;ABBIGLIAMENTO E SCARPE;0;1800;1800;45.61143859606264;9.693635816998988;471
URGNANO;BERGAMO;EDIL COFFETTI S.R.L.;Via Don Fadini, 31;NO;;0;1800;1800;45.621306971924945;9.726248406100593;491
VERDELLO;BERGAMO;CENTRO COMMERCIALE;Viale Piemonte;SI;;1033;7629;8662;45.5915035377068;9.623626810626787;4134
BRESCIA;BRESCIA;ALPEDIL IMMOBILIARE SRL;C.So G.  Mameli, 19;NO;ABBIGLIAMENTO E SCARPE;2505;80;2585;45.54064506562588;10.218756376527711;625
BRESCIA;BRESCIA;BENNET SPA;Via Genova 76;SI;;2500;2800;5300;45.520814301108246;10.18559324204113;617
BRESCIA;BRESCIA;CARNEVALI SPA;Via Cefalonia 77;NO;ABBIGLIAMENTO E SCARPE;0;3420;3420;45.52433542707002;10.21775026535317;619
BRESCIA;BRESCIA;CISALFA SPORT SPA;Via Dalmazia 90;NO;;180;3419;3599;45.525863653011086;10.196955918551891;10598
BRESCIA;BRESCIA;ESSELUNGA;Via  Volta, 54;NO;;1300;1620;2920;45.512470648242186;10.22502165192093;621
BRESCIA;BRESCIA;ESSELUNGA SPA;Via Milano, 50;NO;;1710;1140;2850;45.54462539963757;10.194920613454304;622
BRESCIA;BRESCIA;FINSIBI SPAL;Via Dalmazia 90;NO;;0;6227;6227;45.52639977414861;10.196629871885234;10597
BRESCIA;BRESCIA;FRECCIA ROSSA SHOPPING CENTRE SRL;Viale Italia 31;SI;;1850;13122;14972;45.53550316078719;10.20829985449247;9486
BRESCIA;BRESCIA;GRUPPO COIN SPA;Corso Magenta, 2;NO;ABBIGLIAMENTO E SCARPE;249;4498;4747;45.53634097812414;10.222241117201696;624
BRESCIA;BRESCIA;ITALMARK SPA;Viale S. Eufemia, 108/E;SI;;4000;5178;9178;45.51689834272329;10.287757426133146;9478
BRESCIA;BRESCIA;LEROY MERLIN ITALIA SRL;Via Genova, 93;NO;SPORT, TEMPO LIBERO, BRICO, LIBRI, AUTO E RESTANTI;0;6500;6500;45.52118933099779;10.183509636762066;629
BRESCIA;BRESCIA;LONATI SPA;Viale S.Eufemia Angolo Via Serenissima;SI;;1000;13950;14950;45.518423974938464;10.283098694361462;13341
BRESCIA;BRESCIA;NUOVI ASSETTI URBANI SPA;Comparto A) Sannazzaro  (Area Ex Magazzini Generali) - Area Ricompresa Fra La Via Dalmazia, Via Salgari, Via Corsica E Via Don Bosco;SI;;4100;7500;11600;45.527669455576984;10.20018020660957;13340
BRESCIA;BRESCIA;SMA;Via Valcamonica, 17;SI;;2300;6037;8337;45.54589803914655;10.170221706699186;9479
BRESCIA;BRESCIA;SMA SPA;Via San Zeno, 76;NO;;1100;1472;2572;45.526607751346326;10.220577887924438;630
BRESCIA;BRESCIA;SOCIETA' COOPERATIVA DI CONSUMATORI COOP - LOMBARDIA ARL;Via Corsica, 204;NO;;2426;524;2950;45.52492919974619;10.199997845087173;620
CARPENEDOLO;BRESCIA;ITALMARK SPA;V. A. Pozzi;SI;;3500;2900;6400;45.35880048275802;10.433280807527563;5498
CASTEGNATO;BRESCIA;M.BUSINESS SRL;Via Tangenziale Ovest;NO;MOBILI E ACCESSORI CASE ARREDO;0;7000;7000;45.550449107321114;10.122636512036037;13468
CASTEL MELLA;BRESCIA;CONFORAMA ITALIA S.P.A;Via Colorne;NO;MOBILI E ACCESSORI CASE ARREDO;0;9500;9500;45.486765657431256;10.147948289515565;1048
CASTEL MELLA;BRESCIA;GOITO SUPERMERCATI SRL;Via Della Fornace - Loc. Colorne;NO;;1500;600;2100;45.48905414294235;10.149375158313367;1049
CASTENEDOLO;BRESCIA;IMMOBILTRADE SRL;Localit” Fascia D?Oro;SI;;0;14900;14900;45.45828875447748;10.323760997048963;11971
CASTENEDOLO;BRESCIA;SMA S.P.A.;Via Brescia N. 65-67;NO;;1990;1329;3319;45.4852040029398;10.279887919987734;6716
CHIARI;BRESCIA;GESTIONE CENTRI COMMERCIALI;Via Milano, 30;NO;;1808;700;2508;45.53328831293491;9.919968917434236;2919
CHIARI;BRESCIA;ITALMARK SPA;Via Brescia, 31;SI;;4000;7307;11307;45.54287766630201;9.942432993775261;2920
CONCESIO;BRESCIA;AUCHAN  SPA;Via Europa 8;SI;;4200;4645;8845;45.58750426776234;10.22711339726541;7246
CORTE FRANCA;BRESCIA;CENTRO FRANCIACORTA ISEO SPA;Via Roma, 78;SI;;980;8411;9391;45.6424400979325;10.012874893364243;2530
CORTE FRANCA;BRESCIA;ESSELUNGA SPA;Via Roma, 117;NO;;1550;1250;2800;45.64353336756806;10.01100560397403;2526
DARFO BOARIO TERME;BRESCIA;SERMARK SPA;Via Nazionale, 43;SI;;4979;13585;18564;45.87225430766524;10.15477502258629;3135
DESENZANO DEL GARDA;BRESCIA;ESSELUNGA S.P.A.;Via Mantova N.1;NO;;2807;1203;4010;45.45699848029917;10.52487750518488;13220
DESENZANO DEL GARDA;BRESCIA;IL MERCATONE DI DESENZANO SRL;Via Colombare Di Castiglione, 1;NO;MOBILI E ACCESSORI CASE ARREDO;0;10361;10361;45.44823648234274;10.521863089198844;8246
ERBUSCO;BRESCIA;POLICENTROITALIA 97;V.Rovato,44;SI;;2784;21716;24500;45.5801255137216;9.998738791610233;4350
ERBUSCO;BRESCIA;SEMERARO ITALIA SRL;Via Cantarane 4;NO;MOBILI E ACCESSORI CASE ARREDO;0;4000;4000;45.58007654002801;9.99615759834546;12947
ERBUSCO;BRESCIA;SEMERARO ITALIA SRL;Via Cantarane 4;NO;MOBILI E ACCESSORI CASE ARREDO;0;4148;4148;45.57993308292563;9.996968356443112;12946
GAVARDO;BRESCIA;BENNET S.P.A.;Via Bruni Conter 2;SI;;2000;9521;11521;45.57768594139252;10.442694849245923;10276
GHEDI;BRESCIA;IMMOBILIARE IL PONTE SPA;Localit? San Firmo;SI;;2800;8051;10851;45.39717982524917;10.267861661047924;10222
GHEDI;BRESCIA;MAXI DI  SRL;Via Per Isorella 6/F;SI;;2400;2064;4464;45.39557316450411;10.281507473684655;7255
GUSSAGO;BRESCIA;ITALMARK SPA;Via Richiedei, 59;SI;;1155;2231;3386;45.59097964369128;10.153011912008854;4191
ISEO;BRESCIA;ZERBIMARK SPA;Via Roma,94;NO;;1206;301;1507;45.64112653817736;10.010832259790138;6144
LENO;BRESCIA;ITALFRUTTA SPA;Via Brescia 1/A;NO;;1850;1650;3500;45.369753211019464;10.216107364568366;1877
LONATO;BRESCIA;CEDRO '99 SRL;Via Mantova N. 36;SI;;7000;21226;28226;45.42931163802309;10.51378920291673;2169
LONATO;BRESCIA;GUEMA MACCHINE SRL;Via Mapella, 2/4;NO;SPORT, TEMPO LIBERO, BRICO, LIBRI, AUTO E RESTANTI;0;2950;2950;45.46286354178343;10.504680570812138;2172
LONATO;BRESCIA;IPER MONTEBELLO SPA;Via Mantova, 38;NO;SPORT, TEMPO LIBERO, BRICO, LIBRI, AUTO E RESTANTI;0;3800;3800;45.4311680730648;10.513995104197551;13392
LUMEZZANE;BRESCIA;ARCADIA SRL;Via S. Nicola Da Tolentino, 25;SI;;0;4464;4464;45.6582873089644;10.240700885628902;4795
MAIRANO;BRESCIA;ITALMARK SPA;S.P.;SI;;0;8605;8605;45.44600576182212;10.098169458962246;13
MANERBIO;BRESCIA;CONSORZIO LE ARCATE;Via Cremona, 10;SI;;1500;2599;4099;45.345703352782564;10.13419517590855;2917
MAZZANO;BRESCIA;AUCHAN SPA - GALLERIE COMMERCIALE SPA;Via De Gasperi 6;SI;;5200;13669;18869;45.50150045556079;10.349555242536525;1093
MONIGA DEL GARDA;BRESCIA;SUPERM. ITALMARK;Via San Giovanni, 14;SI;;1200;688;1888;45.52440565484726;10.529329817395084;9483
MONTICHIARI;BRESCIA;ISOLA VERDE S.P.A.;S.P. Goitese, 236 - Via Levate;SI;;50;14850;14900;45.43689450261011;10.353547606751167;10223
NIARDO;BRESCIA;GRUPPO ESSE;Via  Brendibusio 21;NO;MOBILI E ACCESSORI CASE ARREDO;0;3300;3300;45.97953740853945;10.32263369124011;5894
ORZINUOVI;BRESCIA;IITALMARK  SPA;Via Adua, 35;SI;;1800;1607;3407;45.41067850015328;9.934007647131654;6245
ORZINUOVI;BRESCIA;METALMARK SRL;Via Einaudi, 3;SI;;4000;10141;14141;45.40912516122251;9.935379677496075;6246
ORZIVECCHI;BRESCIA;GESTIONE CENTRI COMMERCIALI SRL;Viale G. Tovini, 1;SI;;2500;2880;5380;45.42324102311914;9.969696660353438;4615
OSPITALETTO;BRESCIA;ITALMARK SPA;Via Padana Superiore;SI;;2700;5502;8202;45.55553876505679;10.090126832473372;9817
PALAZZOLO SULL'OGLIO;BRESCIA;EUROPA SRL;V.Le Europa 6;SI;;6560;6428;12988;45.58986331336518;9.893875116178325;2405
PALAZZOLO SULL'OGLIO;BRESCIA;ITALMARK SPA;Via Mons. Piccinelli;SI;;2900;3740;6640;45.58884998273141;9.890713921071967;2406
PISOGNE;BRESCIA;ITALFRUTTA SPA;Area Ex Palini;SI;;4000;8000;12000;45.80710915914476;10.107892881689914;5188
PISOGNE;BRESCIA;LANZINI ARREDAMENTI SNC;Via Provinciale, 18;NO;MOBILI E ACCESSORI CASE ARREDO;0;3000;3000;45.830503343631115;10.130113354860113;5189
PONCARALE;BRESCIA;ANCILLA SCALVINI SPA;Via S.S. 45 Bis 4;NO;MOBILI E ACCESSORI CASE ARREDO;0;6000;6000;45.461176318832635;10.205725476192095;2070
REZZATO;BRESCIA;BOTTI GIACOMO;Via Mazzini 53;NO;MOBILI E ACCESSORI CASE ARREDO;0;2853;2853;45.51345617851619;10.302724267914853;9544
REZZATO;BRESCIA;MAGAZZONE 2 S.R.L.;Via Breve;SI;;0;6100;6100;45.512830229460455;10.297371521438254;10887
REZZATO;BRESCIA;ROSSETTO TRADE S.R.L.;V. Mazzini, 97;SI;;3400;3957;7357;45.5142302252307;10.297283423751166;672
RODENGO-SAIANO;BRESCIA;(FRANCIACORTA RETAIL S.R.L.DEGI FRANCIA S.R.L.);Localita Moie;SI;;0;24551;24551;45.5774683164888;10.118960036471075;5113
ROE' VOLCIANO;BRESCIA;SOCIETA' SAN MARCO S.R.L.;Via Marconi  56/58;SI;;3750;3250;7000;45.62599801566919;10.497872031005897;12185
RONCADELLE;BRESCIA;B.B.C. S.R.L.;S.S. 11 - Loc. Mandolossa;NO;SPORT, TEMPO LIBERO, BRICO, LIBRI, AUTO E RESTANTI;0;2990;2990;45.549409463274905;10.136884761048742;5115
RONCADELLE;BRESCIA;CONSORZIO OPERATORI C.C. LE RONDINELLE;Via Mattei, 37/39;SI;;5533;20485;26018;45.53452648422432;10.149319028472897;5116
RONCADELLE;BRESCIA;DECATHLON ITALIA S.R.L.;Via Mattei, 33/35;NO;ABBIGLIAMENTO E SCARPE;0;3700;3700;45.531524927022154;10.15411623175476;5117
RONCADELLE;BRESCIA;FAR S.N.C. DI SPADA VIRGILIO;Via Martiri D. Liberta', 23;NO;MOBILI E ACCESSORI CASE ARREDO;0;1953;1953;45.51814360553719;10.139568094782986;5118
RONCADELLE;BRESCIA;IKEA ITALIA RETAIL SRL - MELLA 2000 SRL;Via M. D'Antona E M. Biagi, 9;NO;MOBILI E ACCESSORI CASE ARREDO;90;18126;18216;45.52856066219122;10.173933655341896;5120
RONCADELLE;BRESCIA;RONCADELLE SHOPPING CENTRE S.R.L.;Via L. Einaudi N. 1;SI;;3240;59976;63216;45.53310090875156;10.164854204620383;13820
ROVATO;BRESCIA;GESTIONE CENTRI COMMERCIALI SPA;Via I? Maggio 36;NO;;4000;2500;6500;45.55907117881963;10.014423153896969;3833
ROVATO;BRESCIA;SMA S.P.A.;V. Rudone, 30;SI;;2415;3948;6363;45.56272947576337;9.994695296665318;3832
SALO';BRESCIA;G.S. SPA - ALICENTRO 2 SRL LOGIDIS ITALIA SRL;Via Montale 1-3-5;SI;;953;3073;4026;45.58694559926044;10.520261407852743;6077
SALO';BRESCIA;LA GALLERIA SRL - SMAFIN S.P.A.;V. Montessori, 1;SI;;765;1904;2669;45.601640394839094;10.516451506296521;6078
SAREZZO;BRESCIA;ESSELUNGA SPA;P.Le Europa;NO;;3353;0;3353;45.64572998728356;10.201049648788022;6677
SIRMIONE;BRESCIA;SQUASSABIA GROUP;Via Brescia 58;NO;MOBILI E ACCESSORI CASE ARREDO;0;1700;1700;45.46337485113007;10.599191772598862;2424
SONICO;BRESCIA;PASQUINI GIOVANNI PAOLO;Via Nazionale 36;NO;MOBILI E ACCESSORI CASE ARREDO;0;1638;1638;46.16681463751768;10.34985300761377;13116
VEROLANUOVA;BRESCIA;BREGOLI SPA;Via Delle Robinie;SI;;3500;8200;11700;45.31653285957236;10.073076525854932;10224
VEROLANUOVA;BRESCIA;ITALFRUTTA SPA;V. Circonvallazione, 29;NO;;1550;393;1943;45.333289879387834;10.080570044656;3968
VEROLANUOVA;BRESCIA;PROGETTO R.E.M. SRL;Via J,F,Kennedy Localita' Bettolino;SI;;4000;7700;11700;45.313234858622735;10.115193715493868;10888
VILLANUOVA SUL CLISI;BRESCIA;ITALMARK S.P.A.;Via Zanardelli, 79;NO;;3000;240;3240;45.604245417863915;10.459655506681239;12153
VILLANUOVA SUL CLISI;BRESCIA;ITALMARK S.P.A.;Via Zanardelli, 79;NO;SPORT, TEMPO LIBERO, BRICO, LIBRI, AUTO E RESTANTI;0;1650;1650;45.60430942665547;10.458596344101835;12154
BRONI;PAVIA;ESSELUNGA SPA;Quartiere Piave, 53;SI;;2420;2130;4550;45.076932636791675;9.27872546043791;6676
CASEI GEROLA;PAVIA;MAXI DI SRL;Via Per Voghera 9;SI;;3500;7240;10740;45.036546967293745;8.90581897460634;1606
CASTELLO D'AGOGNA;PAVIA;CENTRO CALZATURIERO CASTELLO SNC;Via Novara N.2;NO;ABBIGLIAMENTO E SCARPE;0;2300;2300;45.23493359161607;8.689133585246866;2425
CAVA MANARA;PAVIA;G.M.C.A. - GRANDI MAGAZZINI CAVA MANARA;Via Turati, 18,20,22;NO;MOBILI E ACCESSORI CASE ARREDO;0;7500;7500;45.12989657148858;9.120743262895529;7610
CIGOGNOLA;PAVIA;CENTRO COMMERCIALE OLTREPO' SRL;Loc. San Giuseppe, 6;NO;;5200;2400;7600;45.05046608772348;9.23216911122194;12883
MONTEBELLO DELLA BATTAGLIA;PAVIA;IMMOBILIARE GALLERIE COMMERCIALI;Via Mirabella;NO;ABBIGLIAMENTO E SCARPE;0;2100;2100;44.99803650231751;9.070371435810586;13437
MONTEBELLO DELLA BATTAGLIA;PAVIA;IPER MONTEBELLO SPA;Via Ing A Mazza;SI;;7150;18242;25392;44.99927971098332;9.074340031162185;461
MONTEBELLO DELLA BATTAGLIA;PAVIA;PRIMAVERA SRL;Via Mirabella;NO;SPORT, TEMPO LIBERO, BRICO, LIBRI, AUTO E RESTANTI;300;4940;5240;44.99803650231751;9.070371435810586;8949
MORTARA;PAVIA;BENNET SPA;Via Lomellina, 59;SI;;2597;5826;8423;45.243317854572304;8.746995016290919;734
PARONA;PAVIA;BENNET SPA;Via Case Sparse Per Vigevano, 4;SI;;4091;17694;21785;45.282919753078396;8.764943284316452;6252
PAVIA;PAVIA;COOP LOMBARDIA;V.Le Campari 64;NO;;1040;2010;3050;45.188361558570264;9.16740646821361;3558
PAVIA;PAVIA;ESSELUNGA SPA;V. Filzi 6;NO;;1814;1236;3050;45.18987956887554;9.148426859626586;3559
PAVIA;PAVIA;G. S. S.P.A.;Via Vigentina;SI;;3200;7900;11100;45.20473897992175;9.173712910701603;10672
SAN MARTINO SICCOMARIO;PAVIA;FULL MODA TICINO S.P.A;Via 8 Marzo 11;NO;ABBIGLIAMENTO E SCARPE;0;5700;5700;45.15826795081035;9.13049501547644;9490
SAN MARTINO SICCOMARIO;PAVIA;IMMOBILIARE BENNET S.P.A;Strada Provinciale Per Mortara 3;SI;;5800;6325;12125;45.154026569086355;9.126873361945353;2568
SAN MARTINO SICCOMARIO;PAVIA;ZERBIMARK SPA;Via Piemonte, 18/20;NO;;2015;490;2505;45.16477709796324;9.134450856313528;2574
TORRAZZA COSTE;PAVIA;LEROY MERLIN ITALIA SRL EX LEROY MERLIN UNO SPA;Via Emilia, 47;NO;SPORT, TEMPO LIBERO, BRICO, LIBRI, AUTO E RESTANTI;0;5000;5000;44.98577211612524;9.077237615954294;4024
VIGEVANO;PAVIA;BENI STABILI S.P.A. SIIQ - IL SAGITTARIO S.P.A. - RGD GESTIONI S.R.L.;V.Le Industria 225;SI;;4200;12300;16500;45.308766659636674;8.876019208621315;4867
VIGEVANO;PAVIA;ESSELUNGA SPA;Via S. Maria Ang. Via Commercio;SI;;2135;2865;5000;45.301704640552465;8.860254741490149;4887
VOGHERA;PAVIA;ESSELUNGA SPA;Via A. Meucci, 2 A/B;NO;;2185;1150;3335;44.998011037679085;9.01636425209649;2208
BAGNOLO CREMASCO;CREMONA;GESTIONE CENTRI COMMERCIALI S.R.L.;Via L. Da Vinci  N. 61;SI;;1500;5946;7446;45.363535421585546;9.63178353729088;1996
CASALMAGGIORE;CREMONA;CONSORZIO PADANO;Via Volta, 49;SI;;1499;4330;5829;44.98039835856583;10.429386642395366;5939
CASTELLEONE;CREMONA;ZERBIMARK SPA;Via Bressanoro 73;SI;;1500;1950;3450;45.301998467568154;9.765791446643549;13318
CREMA;CREMONA;MARKETING TREND SPA - NATURA E SPORT SRL - TRIO SRL - BLOCKBUSTER ITALIA SPA;Viale De Gasperi, 76;SI;;290;3095;3385;45.35881631949228;9.673444262166315;9878
CREMA;CREMONA;MILLENIUM GALLERY S.R.L.;Via La Pira 12;SI;;5500;6250;11750;45.35832142594284;9.666799425745896;7436
CREMONA;CREMONA;ESSELUNGA SPA;Via Ghisleri, 36/38/44;SI;;1966;1108;3074;45.13591440709466;10.03564121340956;121
CREMONA;CREMONA;IMMOBILIARE BETULLA SRL;Via Castelleone;SI;;6200;12630;18830;45.150146354635446;9.998031741826459;129
GADESCO-PIEVE DELMONA;CREMONA;IPER MONTEBELLO SPA;Via E. Berlinguer;SI;;4391;17629;22020;45.154148233521944;10.098648394427887;4760
GADESCO-PIEVE DELMONA;CREMONA;IPER MONTEBELLO SPA;Via G. Lonati;NO;ELECTRONICS AUDIO, VIDEO E TV;0;3000;3000;45.15726592434636;10.099507769993952;4763
MADIGNANO;CREMONA;MERCATONE DIECI SRL;Via Oriolo, 37;NO;MOBILI E ACCESSORI CASE ARREDO;0;8955;8955;45.331426269075784;9.73792159536363;4293
SPINO D'ADDA;CREMONA;SJM ARREDI SRL;S.S. Paullese 3;NO;MOBILI E ACCESSORI CASE ARREDO;0;1899;1899;45.40217776943377;9.468854761280847;1496
ASOLA;MANTOVA;ODOLINI ITALO;Viale Vittoria/Via Montello;SI;;3200;2231;5431;45.22433886625227;10.413599205305456;8851
BAGNOLO SAN VITO;MANTOVA;FASHION DISTRICT MANTOVA S.R.L.;Localit? Basse Di Mezzo;SI;;0;6664;6664;45.08747396681217;10.857563265687876;5793
BAGNOLO SAN VITO;MANTOVA;FASHION DISTRICT MANTOVA S.R.L.;Localit? Basse Di Mezzo;SI;;0;13646;13646;45.087753111971196;10.856501839323094;5794
BAGNOLO SAN VITO;MANTOVA;REE ITALIA   SRL;Localit? Zaita;SI;;1500;3600;5100;45.0936770421313;10.858872164016432;10231
BAGNOLO SAN VITO;MANTOVA;SAS ARREDAMENTI PONTI DI PONTI V.P. E C.;Via  G.Rossini 6;NO;MOBILI E ACCESSORI CASE ARREDO;0;2200;2200;45.09620478472542;10.852405255463234;5795
CASTEL GOFFREDO;MANTOVA;IMMOBILIARE IL PONTE SPA;Via Donizetti/Via Castiglione;SI;;3200;7800;11000;45.302056295625704;10.47244058430702;9979
CASTIGLIONE DELLE STIVIERE;MANTOVA;ODOLINI GIUSEPPE - LEGALE RAPPRESENTANTE;V. Cavour, 57;SI;;3000;6401;9401;45.392172803929114;10.479782679883751;3484
CASTIGLIONE DELLE STIVIERE;MANTOVA;SOCIETA' 1985/3;Via Mazzini , 109;SI;;2700;4360;7060;45.37600492964744;10.506539399951283;3485
CURTATONE;MANTOVA;COMET SPA;Via Costituzione 27 A;NO;ELECTRONICS AUDIO, VIDEO E TV;0;4998;4998;45.129219983003736;10.768963420191564;13498
CURTATONE;MANTOVA;SUPERMERCATI TOSANO DI CEREA;Via Parri;NO;;2800;700;3500;45.1303622168116;10.7422965318262;13497
CURTATONE;MANTOVA;TIZIANO IMMOBILIARE SRL;Via Generale De Laugier C.M.;SI;;4277;9025;13302;45.15298223266326;10.720713316517632;4697
GOITO;MANTOVA;MORENA S.R.L.;S. S. Goitese N? C.M.;SI;;1700;4200;5900;45.26132157651862;10.660306097181108;4609
GONZAGA;MANTOVA;CALZOLARI SRL;Via Cadellora, 4/6;NO;SPORT, TEMPO LIBERO, BRICO, LIBRI, AUTO E RESTANTI;0;2000;2000;44.95630168679138;10.830909200346817;1176
GONZAGA;MANTOVA;MAXI DI SRL;Via Brigate Garibaldine, 2;SI;;1500;1000;2500;44.944668436204864;10.850501431289436;11469
MANTOVA;MANTOVA;COOP CONSUMATORI NORDEST S.C.A R.L.;Piazzale Beccaria, 1;SI;;5700;6300;12000;45.16891250593457;10.823217514713702;7704
MANTOVA;MANTOVA;IL MERCATONE DI DESENZANO SRL;Via Sartori 7/9;NO;SPORT, TEMPO LIBERO, BRICO, LIBRI, AUTO E RESTANTI;0;3800;3800;45.15601696481197;10.839938911320516;7703
MANTOVA;MANTOVA;S.I.B. SPA;Via Galiani 1;NO;SPORT, TEMPO LIBERO, BRICO, LIBRI, AUTO E RESTANTI;0;5700;5700;45.16749180094363;10.821711048678047;7705
MANTOVA;MANTOVA;SMA SRL;Via Verona, 83/85;NO;;1300;1700;3000;45.17987860185473;10.788599052834773;7706
MARMIROLO;MANTOVA;ROSSETTO GROUP S.R.L.;Via Buozzi, 2;NO;;1853;355;2208;45.21289708823627;10.760860560192882;5254
OSTIGLIA;MANTOVA;MAXI DI SRL;Via Provinciale Per Mantova;NO;;1499;1000;2499;45.0650155420869;11.13722443403507;9393
PORTO MANTOVANO;MANTOVA;PORTO MANTOVANO SCARPE SRL;Via Karl Marx, 2;NO;ABBIGLIAMENTO E SCARPE;0;2514;2514;45.21427206373993;10.796586858280085;11025
PORTO MANTOVANO;MANTOVA;SQUASSABIA GROUP;Str.  Cisa, 137;NO;MOBILI E ACCESSORI CASE ARREDO;0;2900;2900;45.21200842874382;10.795925910061635;3040
SAN GIORGIO DI MANTOVA;MANTOVA;MARTINELLI GIAN PAOLO;Via Del Commercio;NO;;3000;1500;4500;45.16848029809003;10.851154966316733;13756
SERMIDE E FELONICA;MANTOVA;RAMBALDI FAUSTO;Via Dei Cipressi 11;SI;;1400;2554;3954;45.0070054561757;11.286981551927022;7787
SERMIDE;MANTOVA;RAMBALDI FAUSTO;Via Dei Cipressi 11;SI;;1400;2554;3954;45.0070054561757;11.286981551927022;7787
SUZZARA;MANTOVA;COOP. CONSUMATORI NORDEST SCRL- LA CITTA' GIARDINO S.R.L.;Via Lenin - Via Pasine;SI;;3040;7684;10724;44.99773987700662;10.734364196794772;2682
VIADANA;MANTOVA;SMA SPA;Via Moro, 1;NO;;1482;2018;3500;44.93790016337815;10.48960441640762;957
BORGO VIRGILIO;MANTOVA;COOP CONSUMATORI NORDEST SCARL;Piazza Commercio 1;SI;;2827;9376;12203;45.11155077282779;10.783305758610695;3080
BARZAGO;LECCO;FIRST ATLANTIC RE SGR SPA;Via Xxv Aprile 1;SI;;1120;1391;2511;45.75203302680013;9.324379032186643;10094
BARZANO';LECCO;PROSERPIO LUIGI DANIELE & C. SAS;Via Papa Giovanni Xxiii, 76;NO;SPORT, TEMPO LIBERO, BRICO, LIBRI, AUTO E RESTANTI;0;1705;1705;45.725017345858944;9.309596416176356;5376
BRIVIO;LECCO;ALBANI MOBILI SAS DI ALBANI;Via Como 84;NO;MOBILI E ACCESSORI CASE ARREDO;0;1657;1657;45.735181754241026;9.420250170312933;6397
CALCO;LECCO;ESSELUNGA SPA;Sp 342 Dir. Via Nazionale Ang. Via Scagnello;NO;;1850;830;2680;45.71711833540193;9.407346938554154;10889
CASATENOVO;LECCO;BENNET S.P.A.;V. Casati, 28;SI;;4500;1327;5827;45.69744436734644;9.303112868485744;5291
CASATENOVO;LECCO;ESSELUNGA SPA;Cascina Levada;NO;;1792;2000;3792;45.68333927186595;9.31759260125622;5292
CERNUSCO LOMBARDONE;LECCO;DE GENNIS PAOLO;Via Spluga 115;SI;;2100;1530;3630;45.688867654917864;9.40242140275267;464
CIVATE;LECCO;SC EVOLUTION SPA;Via Papa Giovanni Xxiii Via Alla Santa;SI;;2000;7487;9487;45.83205693195229;9.351061917669261;10890
COSTA MASNAGA;LECCO;DOSS SPA;Via Paradiso;SI;;0;7000;7000;45.758915395939354;9.280361361107666;13315
LECCO;LECCO;COOP. DI CONSUMO LA POPOLARE S.P.A. A R.L.;Corso Carlo Alberto, 120;SI;;2830;5120;7950;45.84034888945278;9.408531128442082;1612
LECCO;LECCO;ESSELUNGA S.P.A.;Via Buozzi, 15/D/E;NO;;2600;1545;4145;45.84103060982816;9.403307674804235;1613
LECCO;LECCO;GALLERIE COMMERCIALI BENNET S.P.A.;Via Amendola, 119;SI;;4399;11601;16000;45.854065289898635;9.3983206592732;1611
MALGRATE;LECCO;BRICO BUSINESS COOPERATION SRL;Via Provinciale 13;NO;SPORT, TEMPO LIBERO, BRICO, LIBRI, AUTO E RESTANTI;0;2253;2253;45.84824599053128;9.369661465187765;6794
MERATE;LECCO;LA RINASCENTE SPA;Via Bergamo 19;SI;;4300;9222;13522;45.68986062090393;9.41965297082532;4995
PESCATE;LECCO;BENNET SPA;Via Roma 7;SI;;1950;1620;3570;45.84169424013349;9.396804178096676;7207
SIRTORI;LECCO;SILCO IMMOBILIARE SRL;Via Delle Industrie 17;NO;;0;4127;4127;45.74492300289994;9.324994050029131;11541
CASELLE LANDI;LODI;MOBILI LAMBRI;Via Papa Giovanni Xxiii, 2;NO;MOBILI E ACCESSORI CASE ARREDO;0;1850;1850;45.105749797749716;9.787696170692278;4884
CODOGNO;LODI;SMA S.P.A.;Viale  A. Moro 3;SI;;630;4110;4740;45.15450520881797;9.671235655590662;9056
CODOGNO;LODI;SVAL SRL;Viale  Marconi;SI;;1950;1500;3450;45.16086688116077;9.718781294382579;10892
CORNEGLIANO LAUDENSE;LODI;CANTONI SHOES;Via Codognino;SI;;2478;6887;9365;45.28664011117416;9.47278577168677;10014
GUARDAMIGLIO;LODI;DIFOOD S.R.L.;Via Roma, 1/3;SI;;2000;2687;4687;45.11530195533391;9.686312857388419;11153
GUARDAMIGLIO;LODI;PANCOTTI SPA;Via Emilia, 23;NO;SPORT, TEMPO LIBERO, BRICO, LIBRI, AUTO E RESTANTI;0;1596;1596;45.11589032908384;9.686595629129275;218
MONTANASO LOMBARDO;LODI;IL GIGANTE SPA;Via Emilia 2;SI;;3300;6513;9813;45.325577224392724;9.445796090182986;1695
PIEVE FISSIRAGA;LODI;BENNET SPA;Viale Nazioni Unite, 1;SI;;3500;14700;18200;45.27552650584702;9.457262126164643;5534
PIEVE FISSIRAGA;LODI;M.BUSINESS SRL;V.Le Pavia, 1/3;NO;MOBILI E ACCESSORI CASE ARREDO;0;6200;6200;45.2808204975296;9.463137594830433;5536
SAN MARTINO IN STRADA;LODI;BENNET SRL;Via Emilia Km 292,659;SI;;2840;6805;9645;45.281690592690516;9.537397130320109;2064
SAN ROCCO AL PORTO;LODI;AUCHAN SPA;Via Emilia, 100;SI;;3679;11321;15000;45.07303661262937;9.70978507876101;2343
SANT'ANGELO LODIGIANO;LODI;CC IL CASTELLO;Viale Trento;SI;;3583;6417;10000;45.231861041100366;9.406581788997658;2569
ARCORE;MONZA-BRIANZA;ESSELUNGA S.P.A.;V. Gilera;NO;;2086;894;2980;45.632732512858894;9.334402142229063;6705
BOVISIO-MASCIAGO;MONZA-BRIANZA;AUMAI S.P.A.;Via Nazionale Dei Giovi, 41;NO;;0;3427;3427;45.601169843486936;9.143672710874522;6019
BOVISIO-MASCIAGO;MONZA-BRIANZA;E.G. CAVALLINI DI M.GRAZIA CAVALLINI E C. SAS;Via Nazionale Dei Giovi, 27;NO;MOBILI E ACCESSORI CASE ARREDO;0;3000;3000;45.60048905235199;9.144878984334841;6018
BRUGHERIO;MONZA-BRIANZA;BENNET SPA;V.Le Lombardia, 264;SI;;3851;10765;14616;45.556375780093326;9.30213465859158;5559
CESANO MADERNO;MONZA-BRIANZA;RIALTO SRL;Corso Liberta' Angolo Monteverdi;SI;;1900;850;2750;45.62635620408794;9.140903262669717;3010
GIUSSANO;MONZA-BRIANZA;ESSELUNGA SPA;Via Lario Ang. Via Pola;SI;;1497;2435;3932;45.677128652459274;9.207250937432814;2395
GIUSSANO;MONZA-BRIANZA;SSC SOCIETA' SVILUPPO COMMERCIALE SRL;Via Prealpi, 41;SI;;3859;10606;14465;45.68995587684265;9.212003852832824;2396
LIMBIATE;MONZA-BRIANZA;HI TECH SPA;Via Monza N.75;SI;;1490;8517;10007;45.59405467973259;9.12520545802739;11468
LIMBIATE;MONZA-BRIANZA;SVILUPPO COMMERCIALE SRL;Via Monza N. 55;SI;;11800;11630;23430;45.606315042594076;9.124525301910289;2727
LISSONE;MONZA-BRIANZA;DECATHLON ITALIA SRL;Viale Valassina;NO;SPORT, TEMPO LIBERO, BRICO, LIBRI, AUTO E RESTANTI;50;2791;2841;45.60532361356376;9.229042289249373;3949
LISSONE;MONZA-BRIANZA;ESSELUNGA SPA;Via Giardino Angolo Via Valassina;SI;;2865;8007;10872;45.60001596072298;9.230640998897027;8915
LISSONE;MONZA-BRIANZA;LEROY MARLIN ITALIA SRL;Via Nuova Valassina, 57;NO;SPORT, TEMPO LIBERO, BRICO, LIBRI, AUTO E RESTANTI;0;9940;9940;45.59849932309794;9.23693468500666;3948
LISSONE;MONZA-BRIANZA;SAN GIORGIO DATA S.R.L.;Via Di Vittorio, 20;SI;;2499;1500;3999;45.62444973430544;9.242297712375063;13480
LISSONE;MONZA-BRIANZA;SILCO IMMOBILIARE SRL;Via Valassina,82;SI;;100;4014;4114;45.60001075339336;9.237097749358265;3956
MACHERIO;MONZA-BRIANZA;ESSELUNGA S.P.A.;Via Don Gnocchi;SI;;2733;1502;4235;45.6369105200637;9.266749778727574;8981
MONZA;MONZA-BRIANZA;AUTODEMOLIZIONI MAURO DI MAURO MARIO & C SNC;Via Della Novella 56;NO;SPORT, TEMPO LIBERO, BRICO, LIBRI, AUTO E RESTANTI;0;2900;2900;45.570188621469526;9.229361225419863;6458
MONZA;MONZA-BRIANZA;ESSELUNGA SPA;Via Brembo, 4/8;NO;;2069;1431;3500;45.56997996257341;9.247016084617302;6459
MONZA;MONZA-BRIANZA;IPER MONTEBELLO SPA;Via Della Guerina, 98;NO;;4875;2375;7250;45.58587887294715;9.31180524359457;6460
MONZA;MONZA-BRIANZA;LA RINASCENTE SPA;Via Lario 17;SI;;4818;11496;16314;45.59547989892577;9.245481541779819;9715
MONZA;MONZA-BRIANZA;LA RINASCENTE SRL;V. Italia, 41;NO;ABBIGLIAMENTO E SCARPE;30;3770;3800;45.58133550778929;9.27351916885202;6461
MUGGIO';MONZA-BRIANZA;CIENNE S.R.L.;Via Battisti/Della Giardina;NO;ABBIGLIAMENTO E SCARPE;0;2800;2800;45.59486842067903;9.241505978634146;12448
MUGGIO';MONZA-BRIANZA;COOP LOMBARDIA;Viale Repubblica;SI;;2000;1000;3000;45.59050350984675;9.215837836126271;8727
NOVA MILANESE;MONZA-BRIANZA;LEROY MERLIN UNO SPA;S.S. Milano Meda;NO;SPORT, TEMPO LIBERO, BRICO, LIBRI, AUTO E RESTANTI;0;7500;7500;45.589669955356605;9.174824218066561;5693
SEREGNO;MONZA-BRIANZA;EGE FIGLI DI DELL'ORTO SRL;Via G. Galilei, 45;NO;MOBILI E ACCESSORI CASE ARREDO;0;3100;3100;45.64818805533551;9.21461073962031;4525
SEREGNO;MONZA-BRIANZA;ESSELUNGA SPA;V.Le Repubblica Ang. Montello;NO;;2000;1300;3300;45.64778707140532;9.226564578557777;4516
USMATE VELATE;MONZA-BRIANZA;RIALTO SRL;Localita Cascina Corrada;SI;;2628;1955;4583;45.64080578690196;9.368238723048286;3808
VAREDO;MONZA-BRIANZA;ESSELUNGA S.P.A.;Via Circonvallazione Sp Ex Ss 527 Bis;NO;;2335;2470;4805;45.5944825347378;9.173755284677583;10895
VERANO BRIANZA;MONZA-BRIANZA;SATURN EX EMPORIO ANGIUONI;Via Furlanelli, 69;NO;MOBILI E ACCESSORI CASE ARREDO;0;5675;5675;45.69170880407886;9.220465917809946;4800
VILLASANTA;MONZA-BRIANZA;RIALTO SRL;Via Vecellio 1;SI;;3500;9840;13340;45.61909557978177;9.30801954152931;3020
VIMERCATE;MONZA-BRIANZA;GIAMBELLI S.P.A.;Via Torri Bianche N. 16;SI;;3000;5040;8040;45.60112167360874;9.358872782774919;9292
BUSNAGO;MONZA-BRIANZA;BEST BUY SRL;Via Italia 201/203;NO;SPORT, TEMPO LIBERO, BRICO, LIBRI, AUTO E RESTANTI;0;2000;2000;45.619562310667924;9.47812464357562;14236
BUSNAGO;MONZA-BRIANZA;LEROY MERLIN;Via Italia;NO;SPORT, TEMPO LIBERO, BRICO, LIBRI, AUTO E RESTANTI;0;5854;5854;45.62064967913386;9.471521958108493;12374
BUSNAGO;MONZA-BRIANZA;MERCURIO;Via Italia, 197;SI;;5736;29004;34740;45.62079161415101;9.473964825367005;4297
CAPONAGO;MONZA-BRIANZA;LEROY MERLIN ITALIA S.R.L;Via Galileo Galilei;NO;SPORT, TEMPO LIBERO, BRICO, LIBRI, AUTO E RESTANTI;0;5600;5600;45.56992126461066;9.368051641460147;9427
CORNATE D'ADDA;MONZA-BRIANZA;MERCURIO;Via Berlinguer 48;SI;;704;17698;18402;45.62170650692219;9.475997566990161;4132
LENTATE SUL SEVESO;MONZA-BRIANZA;BENNET SPA;Via Nazionale Dei Giovi 249;SI;;2783;6827;9610;45.680123256882304;9.112003728053494;1871
LENTATE SUL SEVESO;MONZA-BRIANZA;DIOTTI A &  F;Via Nazionale Dei Giovi 274;NO;MOBILI E ACCESSORI CASE ARREDO;0;3361;3361;45.682306771656485;9.11151734518631;1872
